-- ============================================================
-- This Easy News  DB 초기화 (PostgreSQL)
-- ============================================================

-- 1. 그룹 코드
CREATE TABLE IF NOT EXISTS COMMON_GROUP (
    ID          VARCHAR(50)  PRIMARY KEY,
    NAME        VARCHAR(50)  NOT NULL,
    CREATED_AT  TIMESTAMP    DEFAULT CURRENT_TIMESTAMP,
    UPDATED_AT  TIMESTAMP    DEFAULT CURRENT_TIMESTAMP,
    STATUS_CODE VARCHAR(50)  NOT NULL DEFAULT 'PUBLISHED',
    START_DATE  TIMESTAMP    NOT NULL DEFAULT CURRENT_TIMESTAMP,
    END_DATE    TIMESTAMP    NOT NULL DEFAULT '9999-12-31 23:59:59'
);

-- 2. 세부 항목
CREATE TABLE IF NOT EXISTS COMMON_DETAIL (
    ID          VARCHAR(50)  PRIMARY KEY,
    GROUP_ID    VARCHAR(50)  NOT NULL,
    NAME        VARCHAR(50)  NOT NULL,
    CODE_VALUE  VARCHAR(5000),
    CREATED_AT  TIMESTAMP    DEFAULT CURRENT_TIMESTAMP,
    UPDATED_AT  TIMESTAMP    DEFAULT CURRENT_TIMESTAMP,
    STATUS_CODE VARCHAR(50)  NOT NULL DEFAULT 'PUBLISHED',
    START_DATE  TIMESTAMP    NOT NULL DEFAULT CURRENT_TIMESTAMP,
    END_DATE    TIMESTAMP    NOT NULL DEFAULT '9999-12-31 23:59:59',
    CONSTRAINT fk_detail_group FOREIGN KEY (GROUP_ID) REFERENCES COMMON_GROUP(ID)
);

-- 3. 뉴스 요약 (GENERAL / BRIEFING 통합)
CREATE TABLE IF NOT EXISTS NEWS_SUMMARY (
    ID              SERIAL        PRIMARY KEY,
    SUMMARY_TYPE    VARCHAR(50)   NOT NULL DEFAULT 'GENERAL',
    TITLE           VARCHAR(1000) NOT NULL,
    SUMMARY_CONTENT TEXT          NOT NULL,
    INSIGHT         TEXT,
    AI_MODEL        VARCHAR(50),
    TOP_IMAGE_URL   VARCHAR(5000),
    VIEW_COUNT      INT           DEFAULT 0,
    TARGET_DATE     DATE,
    CREATED_AT      TIMESTAMP     DEFAULT CURRENT_TIMESTAMP,
    UPDATED_AT      TIMESTAMP     DEFAULT CURRENT_TIMESTAMP,
    STATUS_CODE     VARCHAR(50)   NOT NULL DEFAULT 'PUBLISHED',
    START_DATE      TIMESTAMP     NOT NULL DEFAULT CURRENT_TIMESTAMP,
    END_DATE        TIMESTAMP     NOT NULL DEFAULT '9999-12-31 23:59:59'
);

-- 4. 기사
CREATE TABLE IF NOT EXISTS ARTICLE (
    ID             SERIAL        PRIMARY KEY,
    SUMMARY_ID     INT,
    MEDIA_ID       VARCHAR(50),
    CATEGORY_ID    VARCHAR(50),
    ORIGINAL_TITLE VARCHAR(1000) NOT NULL,
    URL            VARCHAR(5000) NOT NULL UNIQUE,
    CONTENT        TEXT,
    PUBLISHED_AT   TIMESTAMP,
    SCRAPED_AT     TIMESTAMP,
    IS_SUMMARIZED  BOOLEAN       DEFAULT FALSE,
    CREATED_AT     TIMESTAMP     DEFAULT CURRENT_TIMESTAMP,
    UPDATED_AT     TIMESTAMP     DEFAULT CURRENT_TIMESTAMP,
    STATUS_CODE    VARCHAR(50)   NOT NULL DEFAULT 'PUBLISHED',
    START_DATE     TIMESTAMP     NOT NULL DEFAULT CURRENT_TIMESTAMP,
    END_DATE       TIMESTAMP     NOT NULL DEFAULT '9999-12-31 23:59:59',
    CONSTRAINT fk_article_summary  FOREIGN KEY (SUMMARY_ID)  REFERENCES NEWS_SUMMARY(ID),
    CONSTRAINT fk_article_media    FOREIGN KEY (MEDIA_ID)    REFERENCES COMMON_DETAIL(ID),
    CONSTRAINT fk_article_category FOREIGN KEY (CATEGORY_ID) REFERENCES COMMON_DETAIL(ID)
);

-- 5. 키워드 마스터
CREATE TABLE IF NOT EXISTS NEWS_KEYWORD (
    ID          VARCHAR(50) PRIMARY KEY,
    KEYWORD     VARCHAR(50) NOT NULL UNIQUE,
    CREATED_AT  TIMESTAMP   DEFAULT CURRENT_TIMESTAMP,
    UPDATED_AT  TIMESTAMP   DEFAULT CURRENT_TIMESTAMP,
    STATUS_CODE VARCHAR(50) NOT NULL DEFAULT 'PUBLISHED',
    START_DATE  TIMESTAMP   NOT NULL DEFAULT CURRENT_TIMESTAMP,
    END_DATE    TIMESTAMP   NOT NULL DEFAULT '9999-12-31 23:59:59'
);

-- 6. 요약-키워드 매핑
CREATE TABLE IF NOT EXISTS SUMMARY_KEYWORD (
    ID          SERIAL      PRIMARY KEY,
    SUMMARY_ID  INT         NOT NULL,
    KEYWORD_ID  VARCHAR(50) NOT NULL,
    CREATED_AT  TIMESTAMP   DEFAULT CURRENT_TIMESTAMP,
    UPDATED_AT  TIMESTAMP   DEFAULT CURRENT_TIMESTAMP,
    CONSTRAINT fk_sk_summary FOREIGN KEY (SUMMARY_ID) REFERENCES NEWS_SUMMARY(ID)  ON DELETE CASCADE,
    CONSTRAINT fk_sk_keyword FOREIGN KEY (KEYWORD_ID) REFERENCES NEWS_KEYWORD(ID)  ON DELETE CASCADE
);

-- 7. 브리핑-뉴스요약 매핑
CREATE TABLE IF NOT EXISTS BRIEFING_SUMMARY (
    ID          SERIAL  PRIMARY KEY,
    BRIEFING_ID INT     NOT NULL,
    SUMMARY_ID  INT     NOT NULL,
    CREATED_AT  TIMESTAMP DEFAULT CURRENT_TIMESTAMP,
    CONSTRAINT fk_bs_briefing FOREIGN KEY (BRIEFING_ID) REFERENCES NEWS_SUMMARY(ID) ON DELETE CASCADE,
    CONSTRAINT fk_bs_summary  FOREIGN KEY (SUMMARY_ID)  REFERENCES NEWS_SUMMARY(ID) ON DELETE CASCADE
);

-- 8. 키워드 일별 통계
CREATE TABLE IF NOT EXISTS KEYWORD_LOG (
    ID            SERIAL      PRIMARY KEY,
    KEYWORD_ID    VARCHAR(50) NOT NULL,
    TARGET_DATE   DATE        NOT NULL,
    MENTION_COUNT INT         DEFAULT 1,
    CREATED_AT    TIMESTAMP   DEFAULT CURRENT_TIMESTAMP,
    UPDATED_AT    TIMESTAMP   DEFAULT CURRENT_TIMESTAMP,
    CONSTRAINT fk_log_keyword  FOREIGN KEY (KEYWORD_ID) REFERENCES NEWS_KEYWORD(ID) ON DELETE CASCADE,
    CONSTRAINT uq_keyword_date UNIQUE (KEYWORD_ID, TARGET_DATE)
);

-- 9. 배치 실행 로그
CREATE TABLE IF NOT EXISTS BATCH_LOG (
    ID                SERIAL       PRIMARY KEY,
    JOB_NAME          VARCHAR(100) NOT NULL,
    START_TIME        TIMESTAMP    NOT NULL DEFAULT CURRENT_TIMESTAMP,
    END_TIME          TIMESTAMP,
    STATUS_CODE       VARCHAR(20)  NOT NULL,
    TOTAL_COUNT       INT          DEFAULT 0,
    SUCCESS_COUNT     INT          DEFAULT 0,
    FAIL_COUNT        INT          DEFAULT 0,
    ERROR_MESSAGE     TEXT,
    EXECUTION_TIME_SEC INT,
    CREATED_AT        TIMESTAMP    DEFAULT CURRENT_TIMESTAMP,
    UPDATED_AT        TIMESTAMP    DEFAULT CURRENT_TIMESTAMP
);

-- 인덱스
CREATE INDEX IF NOT EXISTS idx_summary_type_date  ON NEWS_SUMMARY(SUMMARY_TYPE, TARGET_DATE);
CREATE INDEX IF NOT EXISTS idx_article_published  ON ARTICLE(PUBLISHED_AT DESC);
CREATE INDEX IF NOT EXISTS idx_article_media      ON ARTICLE(MEDIA_ID);
CREATE INDEX IF NOT EXISTS idx_article_category   ON ARTICLE(CATEGORY_ID);
CREATE INDEX IF NOT EXISTS idx_keyword_log_date   ON KEYWORD_LOG(TARGET_DATE, MENTION_COUNT DESC);

-- ============================================================
-- 공통 코드 초기 데이터
-- ============================================================
INSERT INTO COMMON_GROUP (ID, NAME, STATUS_CODE) VALUES
('STATUS',   '공통 상태 관리', 'PUBLISHED'),
('CATEGORY', '뉴스 카테고리',  'PUBLISHED'),
('MEDIA',    '언론사 관리',    'PUBLISHED')
ON CONFLICT (ID) DO NOTHING;

-- 상태 코드
INSERT INTO COMMON_DETAIL (ID, GROUP_ID, NAME, STATUS_CODE) VALUES
('DRAFT',           'STATUS', '임시',     'PUBLISHED'),
('PUBLISHED',       'STATUS', '게시',     'PUBLISHED'),
('DELETED',         'STATUS', '삭제',     'PUBLISHED'),
('RUNNING',         'STATUS', '실행중',   'PUBLISHED'),
('SUCCESS',         'STATUS', '성공',     'PUBLISHED'),
('PARTIAL_SUCCESS', 'STATUS', '부분성공', 'PUBLISHED'),
('FAIL',            'STATUS', '실패',     'PUBLISHED')
ON CONFLICT (ID) DO NOTHING;

-- 카테고리 코드
INSERT INTO COMMON_DETAIL (ID, GROUP_ID, NAME, STATUS_CODE) VALUES
('CAT_POLITICS',      'CATEGORY', '정치',    'PUBLISHED'),
('CAT_ECONOMY',       'CATEGORY', '경제',    'PUBLISHED'),
('CAT_SOCIETY',       'CATEGORY', '사회',    'PUBLISHED'),
('CAT_INTERNATIONAL', 'CATEGORY', '국제',    'PUBLISHED'),
('CAT_SPORTS',        'CATEGORY', '스포츠',  'PUBLISHED'),
('CAT_CULTURE',       'CATEGORY', '문화',    'PUBLISHED'),
('CAT_ENTERTAINMENT', 'CATEGORY', '연예',    'PUBLISHED'),
('CAT_TECH_SCIENCE',  'CATEGORY', 'IT·과학', 'PUBLISHED')
ON CONFLICT (ID) DO NOTHING;

-- 언론사 코드
INSERT INTO COMMON_DETAIL (ID, GROUP_ID, NAME, STATUS_CODE) VALUES
('MED_CHOSUN',   'MEDIA', '조선일보', 'PUBLISHED'),
('MED_MK',       'MEDIA', '매일경제', 'PUBLISHED'),
('MED_HANKYUNG', 'MEDIA', '한국경제', 'PUBLISHED'),
('MED_KHAN',     'MEDIA', '경향신문', 'PUBLISHED'),
('MED_SBS',      'MEDIA', 'SBS',      'PUBLISHED')
ON CONFLICT (ID) DO NOTHING;

-- ============================================================
-- 개발용 샘플 데이터
-- ============================================================

-- 키워드
INSERT INTO NEWS_KEYWORD (ID, KEYWORD, STATUS_CODE) VALUES
('KW_AI',         'AI',     'PUBLISHED'),
('KW_ECONOMY',    '경제',   'PUBLISHED'),
('KW_ELECTION',   '선거',   'PUBLISHED'),
('KW_STOCK',      '주식',   'PUBLISHED'),
('KW_REALESTATE', '부동산', 'PUBLISHED'),
('KW_WEATHER',    '날씨',   'PUBLISHED'),
('KW_SPORTS',     '스포츠', 'PUBLISHED'),
('KW_CELEBRITY',  '연예인', 'PUBLISHED'),
('KW_TECH',       '기술',   'PUBLISHED'),
('KW_HEALTH',     '건강',   'PUBLISHED')
ON CONFLICT (ID) DO NOTHING;

-- 오늘 핫 키워드 통계
INSERT INTO KEYWORD_LOG (KEYWORD_ID, TARGET_DATE, MENTION_COUNT)
SELECT v.kid, CURRENT_DATE, v.cnt
FROM (VALUES
    ('KW_AI',         320),
    ('KW_ECONOMY',    280),
    ('KW_ELECTION',   240),
    ('KW_STOCK',      200),
    ('KW_REALESTATE', 175),
    ('KW_WEATHER',    150),
    ('KW_SPORTS',     130),
    ('KW_CELEBRITY',  110),
    ('KW_TECH',        90),
    ('KW_HEALTH',      75)
) AS v(kid, cnt)
ON CONFLICT (KEYWORD_ID, TARGET_DATE) DO NOTHING;

-- GENERAL 뉴스 요약 2건
INSERT INTO NEWS_SUMMARY (SUMMARY_TYPE, TITLE, SUMMARY_CONTENT, INSIGHT, AI_MODEL, TARGET_DATE, STATUS_CODE)
VALUES
('GENERAL',
 'AI 기술 혁신, 산업 전반으로 확산',
 '최근 생성형 AI 기술이 제조업·금융·의료 등 전 산업에 빠르게 도입되고 있다. 국내 주요 대기업들도 AI 전담 조직을 신설하고 대규모 투자를 단행하며 경쟁에 뛰어들고 있다.',
 '단기 비용 절감보다 장기 생산성 향상에 초점을 맞춘 AI 투자 전략이 중요하다.',
 'gpt-4o', CURRENT_DATE, 'PUBLISHED'),
('GENERAL',
 '코스피 2,700선 돌파…외국인 매수세 유입',
 '코스피 지수가 외국인 투자자의 집중 매수에 힘입어 2,700선을 회복했다. 반도체·자동차 업종이 상승을 주도하며 강세를 유지했다.',
 '외국인 수급 흐름과 환율 동향을 함께 모니터링할 필요가 있다.',
 'gpt-4o', CURRENT_DATE, 'PUBLISHED');

-- 오늘의 BRIEFING 생성 + BRIEFING_SUMMARY 매핑
WITH general_ids AS (
    SELECT id FROM NEWS_SUMMARY
    WHERE SUMMARY_TYPE = 'GENERAL' AND TARGET_DATE = CURRENT_DATE
    ORDER BY ID
),
new_briefing AS (
    INSERT INTO NEWS_SUMMARY (SUMMARY_TYPE, TITLE, SUMMARY_CONTENT, INSIGHT, AI_MODEL, TARGET_DATE, STATUS_CODE)
    VALUES (
        'BRIEFING',
        '오늘의 3분 브리핑 - ' || TO_CHAR(CURRENT_DATE, 'YYYY년 MM월 DD일'),
        'AI 혁신 물결과 증시 반등이 오늘의 핵심 이슈입니다.',
        '기술 혁신과 금융시장 회복이 동시에 진행되는 흐름 속에서 관련 섹터의 투자 기회를 주목해야 할 시점입니다.',
        'gpt-4o', CURRENT_DATE, 'PUBLISHED'
    )
    RETURNING id
)
INSERT INTO BRIEFING_SUMMARY (BRIEFING_ID, SUMMARY_ID)
SELECT nb.id, gi.id
FROM new_briefing nb
CROSS JOIN general_ids gi;

-- 샘플 기사
INSERT INTO ARTICLE (SUMMARY_ID, MEDIA_ID, CATEGORY_ID, ORIGINAL_TITLE, URL, PUBLISHED_AT, IS_SUMMARIZED, STATUS_CODE)
SELECT ns.id, 'MED_CHOSUN', 'CAT_TECH_SCIENCE',
       '[조선일보] 삼성·LG, 생성형 AI 전담조직 신설…올해만 2조 투자',
       'https://example.com/article/1',
       CURRENT_TIMESTAMP - INTERVAL '2 hours', TRUE, 'PUBLISHED'
FROM NEWS_SUMMARY ns
WHERE ns.SUMMARY_TYPE = 'GENERAL' AND ns.TITLE LIKE '%AI%' AND ns.TARGET_DATE = CURRENT_DATE
LIMIT 1
ON CONFLICT (URL) DO NOTHING;

INSERT INTO ARTICLE (SUMMARY_ID, MEDIA_ID, CATEGORY_ID, ORIGINAL_TITLE, URL, PUBLISHED_AT, IS_SUMMARIZED, STATUS_CODE)
SELECT ns.id, 'MED_MK', 'CAT_ECONOMY',
       '[매일경제] 코스피 2700 돌파…반도체·자동차 강세',
       'https://example.com/article/2',
       CURRENT_TIMESTAMP - INTERVAL '1 hour', TRUE, 'PUBLISHED'
FROM NEWS_SUMMARY ns
WHERE ns.SUMMARY_TYPE = 'GENERAL' AND ns.TITLE LIKE '%코스피%' AND ns.TARGET_DATE = CURRENT_DATE
LIMIT 1
ON CONFLICT (URL) DO NOTHING;

-- 키워드-요약 매핑
INSERT INTO SUMMARY_KEYWORD (SUMMARY_ID, KEYWORD_ID)
SELECT ns.id, 'KW_AI' FROM NEWS_SUMMARY ns
WHERE ns.SUMMARY_TYPE = 'GENERAL' AND ns.TITLE LIKE '%AI%' AND ns.TARGET_DATE = CURRENT_DATE LIMIT 1;

INSERT INTO SUMMARY_KEYWORD (SUMMARY_ID, KEYWORD_ID)
SELECT ns.id, 'KW_ECONOMY' FROM NEWS_SUMMARY ns
WHERE ns.SUMMARY_TYPE = 'GENERAL' AND ns.TITLE LIKE '%코스피%' AND ns.TARGET_DATE = CURRENT_DATE LIMIT 1;
